response_id,class,response_text,,,,,
response_1,not_flagged,I try and avoid this sort of conflict,,,,,
response_2,flagged,Had a friend open up to me about his mental addiction to weed and how it was taking over his life and making him depressed,,,,,
response_3,flagged,"I saved a girl from suicide once. She was going to swallow a bunch of pills and I talked her out of it in a very calm, loving way.",,,,,
response_4,not_flagged,i cant think of one really...i think i may have indirectly,,,,,
response_5,not_flagged,"Only really one friend who doesn't fit into the any of the above categories. Her therapist calls it spiraling."" Anyway she pretty much calls me any time she is frustrated by something with  her boyfriend to ask me if it's logical or not. Before they would just fight and he would call her crazy. Now she asks me if it's ok he didn't say ""please"" when he said  ""hand me the remote.""",,,,,
response_6,not_flagged,a couple of years ago my friends was going to switch school because of low self esteem too. I helped him overcome that shit too,,,,,
response_7,flagged,Roommate when he was going through death and loss of a gf. Did anything to get him out of his bedroom.,,,,,
response_8,flagged,i've had a couple of friends (you could say more than friends) with quite severe depression/ emotional problems. i helped for a while but eventually both relationships started to suffer as a result of both our personal problems,,,,,
response_9,not_flagged,Listened to someone talk about relationship troubles. Offered some advice from personal experience.,,,,,
response_10,flagged,"I will always listen. I comforted my sister when she lost her virgity the same night she walked in on her boyfriend cutting himself, and then our parents found out she threw a house part. Simply bring supportive was my focus.",,,,,
response_11,not_flagged,"Took a week off work, packed up the car and picked up a friend who was on the verge of losing it and went camping/surfing for a week. His parents were a big part of the problem and being away from them and others and physical activity every day for a week. but more just being around helped i feel.",,,,,
response_12,flagged,On the memorial anniversary of my friends father I was with him to give support and remind him that he's not alone.,,,,,
response_13,not_flagged,Anxious girlfriend always needs my help,,,,,
response_14,not_flagged,Never,,,,,
response_15,not_flagged,You as a mom,,,,,
response_16,flagged,"ex gf was a cutter/suicidal, got her out of her own issues while slowly dying inside.",,,,,
response_17,not_flagged,I have helped advise friends who have faced circumstances similar to mine,,,,,
response_18,not_flagged,I've helped friends out before,,,,,
response_19,not_flagged,A friend that is a girl and just talk to her tryin to make her feel better,,,,,
response_20,not_flagged,expressing concern and openness to friends when they are dealing with troubles. letting them know they can fell open for dialog.,,,,,
response_21,not_flagged,listening to girlfriend's problems,,,,,
response_22,flagged,"Friend was thinking about suicide, after a few days I managed to talk her down.",,,,,
response_23,flagged,"Having gone through depression and anxiety myself, I understand the struggles and have a few personal methods to cope when stuff hits. Having this knowledge has allowed me to help several people on the internet as well as my other friends when they have faced similar issues and talk to me about them. I understand how important listening is and offer my experiences to help them get through what they face.",,,,,
response_24,not_flagged,"Sometimes my friends bring up issues they are having with themselves, and I feel that I give them good advice and make them feel adequate and normal. I just try to be kind and helpful and honest.",,,,,
response_25,not_flagged,never i guess people dont see me as a guy they would go to,,,,,
response_26,flagged,"Last year, my best friend was diagnosed with anxiety disorder and depression. She tried to commit suicide. I tried my best to be there for her the entire time throughout her recovery.",,,,,
response_27,flagged,Cleaning up my friend's campsite and slightly helping him while he was living all summer as an alcoholic in the Mt. Hood woods.,,,,,
response_28,not_flagged,i listen pretty damn well. better at that as apposed to telling my own story.,,,,,
response_29,flagged,Helping a friend through dealing with his alcoholic mother.,,,,,
response_30,not_flagged,I used to tutor homeless men at a shelter to help them obtain their GED's. They were all age 50+ and some of them were even reading at a first grade level.,,,,,
response_31,not_flagged,I am a high school teacher so almost everyday.,,,,,
response_32,not_flagged,Friends often come to me to talk about the issues that they're facing in life.,,,,,
response_33,not_flagged,"Summer camp, countless kids have the same issue. I tell them i how it is when you cant listen or are restless.",,,,,
response_34,not_flagged,"Haha. In eight grade, kid got rejected twice. Wanted her to sign his yearbook but he was too nervous. I told him she doesn't really care about rejecting him and she thinks no less of him. He did it.    Probably more, but that's what comes up off the top of my head.",,,,,
response_35,not_flagged,Don't have a specific example but just letting people know you're there if they want to talk.,,,,,
response_36,not_flagged,Some of my friends have gone through the same type of struggle I have been through. I let them know that they could talk to me about anything and that being honest with yourself even if the truth hurts is the best way to start to get back up.,,,,,
response_37,flagged,"Friend who had big addiction issues, ended up being completely isolated, skipped school, and had a very low self esteem. I convinced him to go see a doc together, and promised him that i would go through everything with him. He went to rehab for a few months and now he's clean. But the complete lack of support from his family, from school, changed him. I think it was too late when I helped him (he was like that for 5 months) and he'll never be the same as before.",,,,,
response_38,not_flagged,I've always been a good listener for people and I think a lot of people just want to be heard and not necessarily fixed. They just need to express themselves to relief their thoughts to others so they're not trapped so much within the confines of their own head.  I've always lent an ear for someone to speak to.,,,,,
response_39,flagged,One of my best friends was diagnosed with cancer and I did as much as I could for him during that time. I visited him almost every day when he was in treatment just so he didn't have to be alone or anything. When he came back to school I helped him get caught up with school work too.,,,,,
response_40,not_flagged,I don't think I'm qualified to be a serious resource for someone else.,,,,,
response_41,flagged,Many times for my one friend who tried hard drugs (cocaine) and was dealing with depression because of girls,,,,,
response_42,not_flagged,"A lot for my friends. When they have had girl problems, or have just been down in the dumps about life. I always try to look on the positive side of life, and I try to reflect that on my friends' lives as well.",,,,,
response_43,not_flagged,"I'm the theripist of my friends, they always come to me",,,,,
response_44,not_flagged,Describe?    Nah,,,,,
response_45,not_flagged,"My brother went through the same struggles I did, after i found help I was able to set him on the path to healing.",,,,,
response_46,not_flagged,Friend got dumped by girl he had been in a relationship in for 2 years. I stayed by his side until he stopped feeling bad about it. I was there for him.,,,,,
response_47,not_flagged,I open myself to any friend in need of emotional support.,,,,,
response_48,not_flagged,GF and I help her through a lot of shit because I myself have been through a lot of shit.,,,,,
response_49,flagged,"I had a friend that would go off about girls and get super depressed. He told me he was going to kill himself one night and I drove 1n hour and a half to go look for him. By then the cops had already taken him to the hospital but me and a friend went and hung out with him. Also been there to help try and talk him down. Another person I hadnt been friends with for years cause of some stuff called me out of the blue on thankgiving last year. I called back and got a hospital number so I knew something was up. Ended up being a kid who I was friends with years before but was a huge douche to me. He was in the psych ward for trying to kill himself. I got a hold of him and talked to him for a while. Whenever he would call I would answer and be there even though I still had the shit from years earlier on my mind. There are people that I might not want to be around but if it's a situation like this I'll be there for people. My goal or purpose in life that's sustained my survival is to help make other peoples lives a little bit better. Make people laugh when they're sad, help people out when nobody else will. Basically treat other humans even strangers with the respect and kindness of a friend. That's all people need sometime. Let people talk through their shit with me and offer helpful advice if I can. I'm still swimming in my own shit but that's enough to keep me going, keep that little light at the end of the tunnel switched on. Idk how long that will last but I'll be here till it flickers out.",,,,,
response_50,not_flagged,Sometimes I'll calm my friends down after bad stuff happens.,,,,,
response_51,not_flagged,"I once acted as a resource for someone who was struggling in school, and I helped them with their schoolwork.",,,,,
response_52,flagged,My friend was going through a period of intense depression and i made sure that i was always there for him.,,,,,
response_53,not_flagged,"I have talked though some major blows in my girlfriends life. She has had some tough times, and I helped her with them.",,,,,
response_54,not_flagged,Talking to a friend over a break up.,,,,,
response_55,not_flagged,I care about other people more than myself so I listen and help them through tough times,,,,,
response_56,not_flagged,"Over the internet a LOT of people write to me to talk about their problems. Its often girl related, I dont know, I guess it can be nice to rant to someone you dont know irl/someone who can look at the situation a little bit more objective? I think a lot of guys also feel that it can be hard to talk to girl friends irl about their innermost feelings sometimes, thats the feeling I get at least. My friend jokingly refers to me as an Agony Aunt""",,,,, 
response_57,not_flagged,"Friends sometimes come up to me and ask for advice,  I try and give it the best I possibly can",,,,,
response_58,flagged,"My friend dealt with anxiety and this desire for everything in her life to be perfect, she describes it as caring what happens to much, but either way I simply talked to her and when she would try and change the subject I would have to drag her back in due the fact that she didn't want to talk about it, but in reality she wouldn't get better unless i pulled her back into it and helped her through it. But how i helped was by basically talking to her, and giving her the advice she needed to hear, not the one she wanted to such as oh you'll be ok  this will all blow over"" what i said was more along the lines of being so blunt that many may find it rude but for her and i it was essential to making any progress.""""y friend dealt with anxiety and this desire for everything in her life to be perfect  she describes it as caring what happens to much  but either way I simply talked to her and when """,,,,,
response_59,not_flagged,Simply being there as a friend for somebody who's struggling.,,,,,
response_60,flagged,I've had some friends come to me saying people or acquaintances they've known who have killed themselves try and find comfort with me because my best friend killed himself my junior year of high school so they've come to me hoping to find some answers or peace in the turmoil.,,,,,
response_61,not_flagged,"People calling, talk some sense into them, maybe facebook chat..",,,,,
response_62,flagged,"Having self harmed in the past,  I shared my experience with a friend in hopes of swaying her from those actions.",,,,,
response_63,not_flagged,Have worked through problems with friends,,,,,
response_64,not_flagged,When my friend needed help when she was going through some tough stuff. I knew that she needed it but she wouldn't admit it. So I brought it up and initiated it and we talked about it and it really helped her.,,,,,
response_65,flagged,My sister has some pretty severe issues  with her mental health. I try to be there for her when she needs it and I'd like to think its helped her.,,,,,
response_66,not_flagged,Helped friends through stuff.,,,,,
response_67,not_flagged,"I helped encourage a friend to go to therapy, and often listened to their problem to let them know there was someone there for them.",,,,,
response_68,not_flagged,I haven't really met anyone dealing with attention issues. So I haven't had a chance to help unfortunately.,,,,,
response_69,not_flagged,"there are too many to remember specifically, but being as helpful and rational as possible (as well as just listening) with people that need it is a fairly common occurrence",,,,,
response_70,not_flagged,"one of my friends was feeling down, so he came over and talked it out while I listened and gave him some input.",,,,,
response_71,not_flagged,never.,,,,,
response_72,not_flagged,I have tried but am absolutely horrable at it and am way too blunt.,,,,,
response_73,flagged,Ex girlfriend had depression and anxiety. I used to hold her and listen as she told me what was going on,,,,,
response_74,not_flagged,"Always. I don't judge people to much, and can listen well most of the time. So naturally people come to me with their problems.",,,,,
response_75,flagged,My grandmother went through some severe depression shortly after I had some difficulties. Using my personal experience to relate with her and share what I used to get better was helpful to comfort her.,,,,,
response_76,not_flagged,"Now that I've been through it, although i'm not even where I'd like to be, I'm extremely open about sharing my experience with others and helping friends going through similar situations. And PLEASE if you have any other questions about my situation don't hesitate to email me. I'm an open book and excited to see how many people you're going to help.",,,,,
response_77,flagged,when my best friends mom past away from od'ing when he was in grade 5,,,,,
response_78,not_flagged,As a camp counselor I provide stability in kids lives who may have troubled home situations.,,,,,
response_79,flagged,My now girlfriend used to have serious addiction troubles before we started dating and felt as though her addiction defined her as a person. She thought that all people saw when they looked at her was the addiction. I spent many nights with her talking and letting her vent. I was one of the only people supporting her and she felt as though I could help because I had been in her spot.,,,,,
response_80,not_flagged,"The one person I ever talked to it was because we were both going through the same thing. Us talking together helped, it was important to realize you aren't alone",,,,,
response_81,flagged,"Supported a friend through a traumatic car accident, providing emotional support during recovery and assisting with day-to-day tasks during their rehabilitation.",,,,,
response_82,not_flagged,"Helped a family member in preparing for college applications by offering guidance, reviewing essays, and providing encouragement throughout the admission process.",,,,,
response_83,flagged,"Comforted a coworker experiencing anxiety attacks at work by creating a calming workspace, offering relaxation techniques, and being a supportive presence.",,,,,
response_84,not_flagged,"Assisted a friend in organizing a charity event by coordinating logistics, reaching out to sponsors, and ensuring a successful and impactful fundraising event.",,,,,
response_85,flagged,"Supported a sibling through a difficult breakup by providing a safe space to talk, offering distractions, and encouraging self-care during the healing process.",,,,,
response_86,not_flagged,"Helped a neighbor in need by organizing a meal train, collecting groceries, and providing meals during a challenging time of illness.",,,,,
response_87,flagged,"Comforted a friend during a house burglary by offering emotional support, helping secure their home, and assisting in contacting authorities and insurance.",,,,,
response_88,not_flagged,"Assisted a family member in planning a wedding by providing vendor recommendations, helping with decorations, and ensuring a smooth wedding day.",,,,,
response_89,flagged,"Supported a friend experiencing domestic abuse by offering resources, providing a safe haven when needed, and helping create an escape plan from the situation.",,,,,
response_90,not_flagged,"Helped a coworker navigate a conflict resolution at work by mediating discussions, finding common ground, and fostering understanding between parties involved.",,,,,
response_91,flagged,"Comforted a family member through a miscarriage by offering emotional support, being a compassionate listener, and creating a comforting environment.",,,,,
response_92,not_flagged,"Assisted a friend in moving to a new apartment by helping with packing, coordinating movers, and providing support during the relocation process.",,,,,
response_93,flagged,Supported a neighbor dealing with a hoarding disorder by offering non-judgmental assistance in organizing and cleaning their living space in manageable steps.,,,,,
response_94,not_flagged,"Helped a family member in learning a new language by providing language resources, practicing conversation, and encouraging consistent practice.",,,,,
response_95,flagged,"Comforted a friend after a pet's passing by offering condolences, creating a memory book, and being a supportive companion during the grieving process.",,,,,
response_96,not_flagged,"Assisted a colleague in improving presentation skills by providing feedback, offering presentation tips, and encouraging confidence during public speaking.",,,,,
response_97,flagged,"Supported a sibling experiencing financial crisis by offering temporary financial assistance, helping create a budget, and exploring financial planning options.",,,,,
response_98,not_flagged,"Helped a neighbor with childcare by babysitting, providing meals, and offering assistance during a busy period for the neighbor's family.",,,,,
response_99,flagged,"Comforted a family member during a difficult divorce by being a compassionate listener, offering legal guidance, and providing emotional support throughout.",,,,,
response_100,not_flagged,"Assisted a friend in starting a small business by offering business advice, helping create a business plan, and providing support during the initial setup phase.",,,,,
response_101,flagged,"Supported a friend through a stalking incident by providing emotional support, helping them document occurrences, and seeking legal advice for protection.",,,,,
response_102,not_flagged,"Helped a family member in starting a healthy lifestyle by creating meal plans, introducing exercise routines, and providing motivational support.",,,,,
response_103,flagged,"Comforted a coworker facing workplace discrimination by offering solidarity, reporting incidents, and seeking guidance from HR for resolution.",,,,,
response_104,not_flagged,"Assisted a friend in organizing a surprise anniversary celebration by planning activities, coordinating with guests, and ensuring a memorable event.",,,,,
response_105,flagged,"Supported a sibling going through a difficult custody battle by attending court hearings, providing emotional support, and helping with childcare arrangements.",,,,,
response_106,not_flagged,"Helped a neighbor with home repairs by offering tools, lending a hand in fixing issues, and recommending reliable local repair services.",,,,,
response_107,flagged,"Comforted a friend through a traumatic experience by providing resources for therapy, offering continuous support, and being present during recovery.",,,,,
response_108,not_flagged,"Assisted a family member in college applications by proofreading essays, offering advice on choosing courses, and providing encouragement throughout the process.",,,,,
response_109,flagged,"Supported a coworker experiencing PTSD triggers at work by creating a safe workspace, offering coping mechanisms, and providing emotional support.",,,,,
response_110,not_flagged,"Helped a friend in creating a personal budget by explaining financial concepts, suggesting money-saving tips, and monitoring expenses together.",,,,,
response_111,flagged,"Comforted a family member through the loss of a pet by offering condolences, creating a tribute, and providing emotional support during the grieving process.",,,,,
response_112,not_flagged,"Assisted a colleague in career development by sharing networking opportunities, offering resume feedback, and recommending professional growth strategies.",,,,,
response_113,flagged,"Supported a friend dealing with agoraphobia by accompanying them outdoors, providing encouragement, and gradually exposing them to new environments.",,,,,
response_114,not_flagged,"Helped a family member plan a surprise party by organizing logistics, inviting guests, and ensuring secrecy until the event day.",,,,,
response_115,flagged,"Comforted a coworker after a traumatic event in the workplace by offering support, encouraging discussions, and seeking guidance for post-trauma assistance.",,,,,
response_116,not_flagged,"Assisted a friend in learning a musical instrument by providing tutorials, practicing together, and offering encouragement during the learning process.",,,,,
response_117,flagged,"Supported a sibling struggling with addiction by researching rehabilitation centers, attending therapy sessions together, and providing unwavering support.",,,,,
response_118,not_flagged,"Helped a neighbor with grocery shopping during an illness by picking up essentials, running errands, and providing company during medical appointments.",,,,,
response_119,flagged,"Comforted a friend during a legal battle by offering emotional support, connecting them with legal aid, and attending court sessions as a supportive presence.",,,,,
response_120,not_flagged,"Assisted a family member in organizing family gatherings by coordinating schedules, planning activities, and ensuring a smooth event flow.",,,,,
response_121,flagged,"Supported a coworker going through a divorce by offering a listening ear, suggesting counseling resources, and helping manage work responsibilities.",,,,,
response_122,not_flagged,"Helped a friend create a study plan for an upcoming exam by providing study materials, sharing study techniques, and offering quiz sessions for practice.",,,,,
response_123,flagged,"Comforted a family member dealing with depression by being a constant support, encouraging therapy, and engaging in uplifting activities together.",,,,,
response_124,not_flagged,"Assisted a neighbor in gardening by offering gardening tools, sharing planting tips, and providing assistance in setting up a garden space.",,,,,
response_125,flagged,"Supported a friend experiencing trauma triggers by creating a safe environment, suggesting coping mechanisms, and being a calming presence during distress.",,,,,
response_126,not_flagged,"Helped a family member in tech troubleshooting by providing step-by-step instructions, troubleshooting together, and recommending reliable tech support services.",,,,,
response_127,flagged,"Comforted a coworker facing a phobia by discussing fears, offering gradual exposure techniques, and providing reassurance during anxiety-inducing situations.",,,,,
response_128,not_flagged,"Assisted a friend in starting a blog by offering writing tips, suggesting content ideas, and helping set up an online platform for publishing.",,,,,
response_129,flagged,"Supported a sibling dealing with anxiety attacks by practicing calming exercises, being a supportive listener, and recommending professional therapy options.",,,,,
response_130,not_flagged,"Helped a neighbor with financial literacy by explaining banking concepts, offering budgeting tools, and providing guidance on managing expenses.",,,,,
response_131,flagged,"Comforted a friend going through grief by being present, offering condolences, and suggesting grief counseling for long-term support.",,,,,
response_132,not_flagged,"Assisted a family member in home renovation by providing design ideas, recommending contractors, and helping with project management.",,,,,
response_133,flagged,"Supported a coworker facing discrimination at work by documenting incidents, advocating for fairness, and providing emotional support during the ordeal.",,,,,
response_134,not_flagged,"Helped a friend improve time management by suggesting productivity tools, recommending time-blocking techniques, and offering accountability check-ins.",,,,,
response_135,flagged,"Comforted a family member coping with chronic illness by being empathetic, offering assistance with daily tasks, and providing emotional support during difficult times.",,,,,
response_136,not_flagged,"Assisted a neighbor in car maintenance by offering mechanic recommendations, providing basic maintenance tips, and helping with minor repairs.",,,,,
response_137,flagged,"Supported a friend dealing with body image issues by promoting self-love, encouraging therapy, and emphasizing the importance of self-acceptance.",,,,,
response_138,not_flagged,"Helped a family member in planning a vacation by researching destinations, booking accommodations, and organizing travel itineraries.",,,,,
response_139,flagged,"Comforted a coworker experiencing panic attacks by practicing calming techniques, being a reassuring presence, and recommending professional therapy.",,,,,
response_140,not_flagged,"Assisted a friend in enhancing their social media presence by providing branding tips, suggesting content strategies, and offering platform navigation guidance.",,,,,
response_141,flagged,"Supported a sibling dealing with addiction recovery by attending support group meetings together, offering encouragement, and providing a non-judgmental environment.",,,,,
response_142,not_flagged,"Helped a neighbor organize a community event by coordinating volunteers, arranging logistics, and ensuring a successful event execution.",,,,,
response_143,flagged,"Comforted a friend going through a messy breakup by offering distractions, providing emotional support, and encouraging self-care practices",,,,,
response_144,flagged,"Supported a friend dealing with severe anxiety by providing calming techniques, recommending therapy, and offering continuous support during difficult episodes.",,,,,
response_145,not_flagged,"Assisted a family member in planning a career change by offering insights, networking opportunities, and providing encouragement throughout the transition process.",,,,,
response_146,flagged,"Comforted a coworker experiencing burnout by suggesting stress-relief activities, encouraging breaks, and fostering a supportive work environment.",,,,,
response_147,not_flagged,Helped a friend navigate relationship struggles by offering unbiased advice and providing support for open communication and conflict resolution.,,,,,
response_148,flagged,"Supported a family member dealing with depression by offering a listening ear, suggesting therapy options, and providing constant encouragement.",,,,,
response_149,not_flagged,"Assisted a neighbor in a legal matter by offering guidance, recommending legal aid resources, and providing moral support throughout the proceedings.",,,,,
response_150,flagged,"Comforted a family member coping with chronic illness by being understanding, assisting with daily tasks, and providing emotional support during challenging times.",,,,,
response_151,not_flagged,"Offered support and guidance to a colleague experiencing workplace harassment, helping them navigate HR procedures and offering emotional support.",,,,,
response_152,flagged,"Supported a family member dealing with substance abuse by researching rehabilitation centers, attending therapy sessions together, and providing constant encouragement.",,,,,
response_153,not_flagged,Assisted a friend in processing grief after the loss of a loved one by being a compassionate listener and offering comforting gestures during their mourning period.,,,,,
response_154,flagged,"Helped a coworker through a difficult divorce by offering emotional support, guiding them through legal proceedings, and being a supportive presence during tough times.",,,,,
response_155,not_flagged,"Supported a sibling through a mental health crisis by encouraging therapy, providing resources, and being a pillar of constant support during their recovery.",,,,,
response_156,flagged,"Comforted a friend coping with the aftermath of a traumatic event by offering a safe space to talk, seeking professional help together, and providing continuous support.",,,,,
response_157,not_flagged,"Assisted a neighbor in a legal matter by offering guidance, recommending legal aid resources, and providing moral support during the proceedings.",,,,,
response_158,flagged,"Supported a friend dealing with chronic illness by being understanding, offering assistance with daily tasks, and providing emotional support during difficult times.",,,,,
response_159,not_flagged,"Helped a coworker navigate workplace conflicts by mediating discussions, finding common ground, and fostering understanding between parties involved.",,,,,
response_160,flagged,"Comforted a family member going through a tough financial situation by offering temporary assistance, budgeting guidance, and exploring financial planning options.",,,,,
response_161,not_flagged,"Assisted a friend in managing stress and anxiety by suggesting relaxation techniques, encouraging self-care practices, and offering a listening ear.",,,,,
response_162,flagged,"Supported a neighbor through a challenging relocation by offering help with packing, recommending moving services, and providing emotional support during the transition.",,,,,
response_163,not_flagged,"Helped a family member in career development by providing networking opportunities, reviewing resumes, and offering guidance for job interviews.",,,,,
response_164,flagged,"Comforted a coworker dealing with family issues by offering empathy, suggesting counseling options, and being a supportive presence during difficult times.",,,,,
response_165,not_flagged,"Assisted a friend in overcoming self-doubt by offering encouragement, sharing personal experiences, and promoting self-affirmation and confidence-building exercises.",,,,,
response_166,flagged,"Supported a sibling struggling with addiction recovery by attending support group meetings together, offering encouragement, and providing a non-judgmental environment.",,,,,
response_167,not_flagged,"Helped a neighbor in managing time and productivity by suggesting organizational tools, sharing time-management techniques, and offering guidance for prioritizing tasks.",,,,,
response_168,flagged,"Comforted a friend dealing with emotional trauma by providing resources for therapy, offering continuous support, and being present during difficult moments.",,,,,
response_169,not_flagged,"Assisted a family member in starting a small business by offering business advice, helping create a business plan, and providing support during the initial setup phase.",,,,,
response_170,flagged,"Supported a colleague experiencing anxiety attacks at work by creating a calming workspace, offering relaxation techniques, and providing emotional support.",,,,,
response_171,not_flagged,"Helped a friend in improving communication skills by providing feedback, suggesting effective communication methods, and encouraging practice in various social settings.",,,,,
response_172,flagged,"Comforted a family member during a house burglary by offering emotional support, helping secure their home, and assisting in contacting authorities and insurance.",,,,,
response_173,not_flagged,"Assisted a neighbor in financial planning by offering budgeting advice, suggesting investment options, and providing guidance for long-term financial stability.",,,,,
response_174,flagged,"Supported a friend through a divorce by being a listening ear, offering companionship, and providing emotional support during the challenging transition period.",,,,,
response_175,not_flagged,"Helped a family member in learning a new skill by providing tutorials, recommending resources, and offering guidance throughout the learning process.",,,,,
response_176,flagged,"Comforted a coworker after a traumatic event in the workplace by offering support, encouraging discussions, and seeking guidance for post-trauma assistance.",,,,,
response_177,flagged,"Offered support to a friend experiencing anxiety by suggesting mindfulness exercises, advising therapy resources, and providing continual comfort during difficult moments.",,,,,
response_178,not_flagged,"Assisted a family member in exploring new career paths by sharing insights, fostering networking opportunities, and encouraging the exploration of diverse professional avenues.",,,,,
response_179,flagged,"Comforted a colleague grappling with burnout by advocating regular breaks, promoting stress-relief techniques, and cultivating a nurturing environment in the workplace.",,,,,
response_180,not_flagged,"Guided a friend in navigating relationship challenges by offering impartial counsel, facilitating discussions for conflict resolution, and promoting open and honest communication.",,,,,
response_181,flagged,"Provided unwavering support to a family member coping with depression by lending a compassionate ear, suggesting therapeutic avenues, and consistently encouraging their progress.",,,,,
response_182,not_flagged,"Offered guidance to a neighbor in a legal predicament by recommending legal support options, providing advice, and standing as a pillar of moral support throughout the legal process.",,,,,
response_183,flagged,"Aided a relative managing chronic illness by understanding their unique struggles, assisting with daily tasks, and offering unwavering emotional support through trying moments.",,,,,
response_184,not_flagged,"Facilitated resolution in workplace disputes by mediating discussions, fostering mutual understanding, and seeking amicable resolutions among all involved parties.",,,,,
response_185,flagged,"Provided invaluable support to a friend navigating anxiety by suggesting calming practices, directing them to therapy options, and consistently offering reassurance during challenging times.",,,,,
response_186,not_flagged,"Guided a family member through career exploration by sharing insights, enabling networking opportunities, and encouraging the exploration of diverse professional avenues.",,,,,
response_187,flagged,"Comforted a colleague experiencing burnout by advocating self-care practices, endorsing breaks, and fostering a supportive atmosphere within the workplace environment.",,,,,
response_188,not_flagged,"Assisted a friend in fostering healthier relationships by offering impartial guidance, facilitating discussions for conflict resolution, and promoting transparent communication.",,,,,
response_189,flagged,"Provided steadfast support to a family member coping with depression by being a compassionate listener, proposing therapy options, and consistently encouraging their journey to recovery.",,,,,
response_190,not_flagged,"Offered guidance to a neighbor navigating legal challenges by suggesting legal resources, providing counsel, and standing as a source of unwavering moral support throughout the legal process.",,,,,
response_191,flagged,"Aided a relative managing chronic illness by empathizing with their challenges, lending a helping hand with daily tasks, and providing continuous emotional support throughout difficult times.",,,,,
response_192,not_flagged,"Facilitated resolution in workplace conflicts by mediating discussions, seeking mutual understanding, and actively pursuing harmonious solutions among all parties involved.",,,,,
response_193,flagged,"Supported a friend during anxiety episodes by suggesting mindfulness practices, advocating therapy avenues, and consistently providing comfort during moments of distress.",,,,,
response_194,not_flagged,"Guided a family member in exploring fresh career opportunities by sharing insights, fostering networking prospects, and encouraging the exploration of varied professional paths.",,,,,
response_195,flagged,"Comforted a colleague navigating burnout by recommending self-care techniques, endorsing regular breaks, and cultivating a nurturing environment within the workplace.",,,,,
response_196,not_flagged,"Assisted a friend in fostering healthier relationships by offering impartial advice, facilitating discussions for conflict resolution, and encouraging transparent and authentic communication.",,,,,
response_197,flagged,"Helped a friend overwhelmed with event planning by offering organizational tips, suggesting delegation strategies, and providing continuous assistance throughout the process.",,,,,
response_198,not_flagged,"Assisted a family member struggling with public speaking by recommending speech workshops, providing presentation techniques, and offering consistent practice sessions.",,,,,
response_199,flagged,"Supported a colleague facing imposter syndrome by providing affirmations, sharing personal anecdotes, and encouraging steps to acknowledge accomplishments and expertise.",,,,,
response_200,not_flagged,"Comforted a friend navigating cultural adaptation by suggesting immersion activities, recommending cultural clubs, and providing insight into the local cultural nuances.",,,,,
response_201,flagged,"Guided a sibling coping with relocation stress by suggesting adjustment techniques, offering relocation resources, and providing continuous emotional support during the transition.",,,,,
response_202,not_flagged,"Provided guidance to a cousin experiencing writer's block by suggesting creative exercises, recommending writing prompts, and offering constructive critique on their work.",,,,,
response_203,flagged,"Supported a friend managing financial stress by suggesting budgeting apps, providing financial management tips, and offering continuous encouragement towards stability.",,,,,
response_204,not_flagged,"Comforted a coworker adapting to remote work challenges by offering remote productivity strategies, sharing remote collaboration tools, and providing ongoing remote support.",,,,,
response_205,flagged,"Assisted a neighbor coping with health anxiety by recommending reputable health resources, suggesting relaxation practices, and providing consistent encouragement for wellness.",,,,,
response_206,not_flagged,"Offered guidance to a family member dealing with academic pressure by recommending study techniques, sharing academic aids, and providing consistent motivational support.",,,,,
response_207,flagged,"Supported a colleague facing imposter syndrome by offering affirmations, sharing success stories, and encouraging recognition of their achievements and expertise.",,,,,
response_208,not_flagged,"Comforted a friend adjusting to a new culture by suggesting cultural immersion activities, recommending local customs, and being a dependable source of guidance and understanding.",,,,,
response_209,flagged,"Helped a friend overwhelmed with event planning by offering organizational tips, suggesting delegation strategies, and providing continuous assistance throughout the process.",,,,,
response_210,not_flagged,"Assisted a family member struggling with public speaking by recommending speech workshops, providing presentation techniques, and offering consistent practice sessions.",,,,,
response_211,flagged,"Supported a colleague facing imposter syndrome by providing affirmations, sharing personal anecdotes, and encouraging steps to acknowledge accomplishments and expertise.",,,,,
response_212,not_flagged,"Comforted a friend navigating cultural adaptation by suggesting immersion activities, recommending cultural clubs, and providing insight into the local cultural nuances.",,,,,
response_213,flagged,"Guided a sibling coping with relocation stress by suggesting adjustment techniques, offering relocation resources, and providing continuous emotional support during the transition.",,,,,
response_214,not_flagged,"Provided guidance to a cousin experiencing writer's block by suggesting creative exercises, recommending writing prompts, and offering constructive critique on their work.",,,,,
response_215,flagged,"Supported a friend managing financial stress by suggesting budgeting apps, providing financial management tips, and offering continuous encouragement towards stability.",,,,,
response_216,not_flagged,"Comforted a coworker adapting to remote work challenges by offering remote productivity strategies, sharing remote collaboration tools, and providing ongoing remote support.",,,,,
response_217,flagged,"Supported a friend overwhelmed by job hunt stress by suggesting job search strategies, recommending networking approaches, and providing ongoing motivation and job leads.",,,,,
response_218,not_flagged,"Assisted a family member tackling language barriers by suggesting language exchange programs, providing language learning tips, and offering consistent language practice sessions.",,,,,
response_219,flagged,"Guided a colleague navigating imposter syndrome by providing affirmations, sharing uplifting stories, and encouraging self-reflection to recognize their achievements and capabilities.",,,,,
response_220,not_flagged,"Offered comfort to a friend adjusting to a new city by suggesting exploration activities, recommending local hangout spots, and being a dependable source of guidance and company.",,,,,
response_221,flagged,"Aided a sibling dealing with performance anxiety by recommending stress-relief techniques, suggesting performance workshops, and providing unwavering encouragement and support.",,,,,
response_222,not_flagged,"Provided guidance to a cousin adapting to university life by recommending study methods, sharing academic resources, and offering consistent encouragement and academic advice.",,,,,
response_223,flagged,"Supported a friend juggling multiple commitments by suggesting time management tools, recommending prioritization methods, and providing ongoing encouragement and assistance.",,,,,
response_224,not_flagged,"Comforted a coworker facing work-life balance challenges by recommending work-life harmony practices, sharing personal balance tips, and being a supportive and understanding listener.",,,,,
response_225,flagged,"Helped a neighbor coping with anxiety by suggesting mindfulness practices, recommending anxiety-management resources, and providing consistent encouragement for mental wellness.",,,,,
response_226,not_flagged,"Offered guidance to a family member transitioning careers by recommending skill-building courses, sharing job market insights, and providing continuous career development support.",,,,,
response_227,flagged,"Supported a colleague feeling overwhelmed by workload by suggesting delegation strategies, recommending stress-relief activities, and providing continual support and guidance.",,,,,
response_228,not_flagged,"Comforted a friend adjusting to a different work culture by suggesting workplace adaptation techniques, recommending team-building activities, and being a supportive confidant and mentor.",,,,,
response_229,flagged,"Aided a friend navigating relationship challenges by suggesting communication exercises, recommending relationship counseling, and providing consistent emotional support and guidance.",,,,,
response_230,not_flagged,"Assisted a family member exploring entrepreneurship by recommending startup resources, sharing business insights, and providing continuous encouragement and entrepreneurial advice.",,,,,
response_231,not_flagged,"Assisted a coworker exploring remote work challenges by suggesting remote productivity tools, sharing remote work tips, and providing ongoing remote work support and troubleshooting.",,,,,
response_232,flagged,"Helped a friend overwhelmed by financial decisions by suggesting budgeting methods, recommending financial advisors, and providing continuous guidance for financial stability.",,,,,
response_233,flagged,"Supported a colleague navigating family-related stress by suggesting coping mechanisms, recommending family counseling, and providing continuous empathy and support.",,,,,
response_234,flagged,"Guided a friend dealing with social anxiety by suggesting gradual exposure techniques, recommending social support groups, and providing consistent encouragement and understanding.",,,,,
response_235,flagged,"Aided a sibling facing academic pressure by suggesting stress-relief practices, recommending academic resources, and providing continuous support for academic success.",,,,,
response_236,flagged,"Offered comfort to a friend coping with loss by suggesting grief support resources, recommending therapy, and providing continual empathy and companionship.",,,,,
response_237,flagged,"Supported a colleague overwhelmed with work deadlines by suggesting time management strategies, recommending task prioritization, and providing continuous work support and guidance.",,,,,
response_238,flagged,"Helped a neighbor dealing with health issues by suggesting healthy lifestyle changes, recommending healthcare professionals, and providing continuous support for wellness.",,,,,
response_239,flagged,"Assisted a friend navigating career changes by suggesting career development workshops, recommending skill enhancement courses, and providing ongoing career advice and support.",,,,,
response_240,flagged,"Guided a family member coping with relationship conflicts by suggesting communication techniques, recommending relationship counseling, and providing continuous familial support.",,,,,
response_241,flagged,"Supported a colleague facing burnout by suggesting self-care practices, recommending stress-relief activities, and providing continual support and encouragement at work.",,,,,
response_242,not_flagged,"Comforted a friend adjusting to a new exercise routine by suggesting fitness regimes, recommending workout plans, and providing ongoing encouragement for fitness goals.",,,,,
response_243,not_flagged,"Assisted a family member exploring new hobbies by suggesting hobby clubs, recommending hobby-related workshops, and providing continuous support and enthusiasm for new interests.",,,,,
response_244,not_flagged,"Guided a colleague adjusting to remote work by suggesting remote collaboration tools, recommending remote work practices, and providing continual remote work support and guidance.",,,,,
response_245,not_flagged,"Helped a neighbor coping with relocation by suggesting settling-in tips, recommending local community involvement, and providing ongoing support and guidance for the new environment.",,,,,
response_246,not_flagged,"Offered comfort to a friend dealing with pet loss by suggesting pet bereavement resources, recommending pet support groups, and providing continual empathy and companionship during grief.",,,,,
